{
  "total_customers": 47300000,
  "by_contract": {
    "M2M": {
      "count": 26020371,
      "pct": 0.55
    },
    "2yr": {
      "count": 11381814,
      "pct": 0.241
    },
    "1yr": {
      "count": 9891098,
      "pct": 0.209
    },
    "unknown": {
      "count": 6714,
      "pct": 0.0
    }
  },
  "by_tenure": {
    "49-72m": {
      "count": 15034738,
      "pct": 0.318
    },
    "25-48m": {
      "count": 10703605,
      "pct": 0.226
    },
    "4-12m": {
      "count": 7547586,
      "pct": 0.16
    },
    "0-3m": {
      "count": 7131260,
      "pct": 0.151
    },
    "13-24m": {
      "count": 6876093,
      "pct": 0.145
    },
    "unknown": {
      "count": 6714,
      "pct": 0.0
    }
  },
  "by_value": {
    "High": {
      "count": 21004315,
      "pct": 0.444
    },
    "Med": {
      "count": 14665417,
      "pct": 0.31
    },
    "Low": {
      "count": 11623551,
      "pct": 0.246
    },
    "unknown": {
      "count": 6714,
      "pct": 0.0
    }
  }
}