{
  "segments": [
    {
      "tenure_band": "0-3m",
      "contract_group": "1yr",
      "value_tier": "Low",
      "customers": 127566,
      "churn_probability": 0.072,
      "threshold": 0.5,
      "targeted_customers": 0,
      "targeting_rate": 0.0,
      "avg_ltv": 2340,
      "risk_level": "Low",
      "strategy": "Maintain engagement: Regular check-ins + upsell opportunities + referral incentives",
      "expected_roi": 0,
      "implementation_timeline": "2-3 months"
    },
    {
      "tenure_band": "0-3m",
      "contract_group": "1yr",
      "value_tier": "Med",
      "customers": 13428,
      "churn_probability": 0.249,
      "threshold": 0.5,
      "targeted_customers": 0,
      "targeting_rate": 0.0,
      "avg_ltv": 2340,
      "risk_level": "Medium",
      "strategy": "Targeted retention: 1yr customers with tailored med-value offers",
      "expected_roi": 0,
      "implementation_timeline": "1-2 months"
    },
    {
      "tenure_band": "0-3m",
      "contract_group": "2yr",
      "value_tier": "High",
      "customers": 6714,
      "churn_probability": 0.029,
      "threshold": 0.5,
      "targeted_customers": 0,
      "targeting_rate": 0.0,
      "avg_ltv": 2340,
      "risk_level": "Low",
      "strategy": "Maintain engagement: Regular check-ins + upsell opportunities + referral incentives",
      "expected_roi": 0,
      "implementation_timeline": "1-2 months"
    },
    {
      "tenure_band": "0-3m",
      "contract_group": "2yr",
      "value_tier": "Low",
      "customers": 60426,
      "churn_probability": 0.013,
      "threshold": 0.5,
      "targeted_customers": 0,
      "targeting_rate": 0.0,
      "avg_ltv": 2340,
      "risk_level": "Low",
      "strategy": "Maintain engagement: Regular check-ins + upsell opportunities + referral incentives",
      "expected_roi": 0,
      "implementation_timeline": "1-2 months"
    },
    {
      "tenure_band": "0-3m",
      "contract_group": "2yr",
      "value_tier": "Med",
      "customers": 40284,
      "churn_probability": 0.025,
      "threshold": 0.5,
      "targeted_customers": 0,
      "targeting_rate": 0.0,
      "avg_ltv": 2340,
      "risk_level": "Low",
      "strategy": "Maintain engagement: Regular check-ins + upsell opportunities + referral incentives",
      "expected_roi": 0,
      "implementation_timeline": "1-2 months"
    },
    {
      "tenure_band": "0-3m",
      "contract_group": "M2M",
      "value_tier": "High",
      "customers": 1718784,
      "churn_probability": 0.788,
      "threshold": 0.25,
      "targeted_customers": 1718784,
      "targeting_rate": 1.0,
      "avg_ltv": 2340,
      "risk_level": "Very High",
      "strategy": "Onboarding intervention: Dedicated support + usage training for new high-value customers",
      "expected_roi": 3.68,
      "implementation_timeline": "3-6 months"
    },
    {
      "tenure_band": "0-3m",
      "contract_group": "M2M",
      "value_tier": "Low",
      "customers": 2027628,
      "churn_probability": 0.362,
      "threshold": 0.5,
      "targeted_customers": 335700,
      "targeting_rate": 0.166,
      "avg_ltv": 2340,
      "risk_level": "High",
      "strategy": "Onboarding intervention: Dedicated support + usage training for new low-value customers",
      "expected_roi": 3.68,
      "implementation_timeline": "3-6 months"
    },
    {
      "tenure_band": "0-3m",
      "contract_group": "M2M",
      "value_tier": "Med",
      "customers": 3135438,
      "churn_probability": 0.609,
      "threshold": 0.5,
      "targeted_customers": 1000386,
      "targeting_rate": 0.319,
      "avg_ltv": 2340,
      "risk_level": "Very High",
      "strategy": "Onboarding intervention: Dedicated support + usage training for new med-value customers",
      "expected_roi": 3.68,
      "implementation_timeline": "3-6 months"
    },
    {
      "tenure_band": "13-24m",
      "contract_group": "1yr",
      "value_tier": "High",
      "customers": 228276,
      "churn_probability": 0.214,
      "threshold": 0.3,
      "targeted_customers": 33570,
      "targeting_rate": 0.147,
      "avg_ltv": 2340,
      "risk_level": "Medium",
      "strategy": "Retention offer: VIP support + loyalty rewards + exclusive features",
      "expected_roi": 3.68,
      "implementation_timeline": "2-3 months"
    },
    {
      "tenure_band": "13-24m",
      "contract_group": "1yr",
      "value_tier": "Low",
      "customers": 637830,
      "churn_probability": 0.041,
      "threshold": 0.5,
      "targeted_customers": 0,
      "targeting_rate": 0.0,
      "avg_ltv": 2340,
      "risk_level": "Low",
      "strategy": "Maintain engagement: Regular check-ins + upsell opportunities + referral incentives",
      "expected_roi": 0,
      "implementation_timeline": "2-3 months"
    },
    {
      "tenure_band": "13-24m",
      "contract_group": "1yr",
      "value_tier": "Med",
      "customers": 456552,
      "churn_probability": 0.113,
      "threshold": 0.4,
      "targeted_customers": 0,
      "targeting_rate": 0.0,
      "avg_ltv": 2340,
      "risk_level": "Low",
      "strategy": "Maintain engagement: Regular check-ins + upsell opportunities + referral incentives",
      "expected_roi": 0,
      "implementation_timeline": "2-3 months"
    },
    {
      "tenure_band": "13-24m",
      "contract_group": "2yr",
      "value_tier": "High",
      "customers": 46998,
      "churn_probability": 0.08,
      "threshold": 0.5,
      "targeted_customers": 0,
      "targeting_rate": 0.0,
      "avg_ltv": 2340,
      "risk_level": "Low",
      "strategy": "Maintain engagement: Regular check-ins + upsell opportunities + referral incentives",
      "expected_roi": 0,
      "implementation_timeline": "1-2 months"
    },
    {
      "tenure_band": "13-24m",
      "contract_group": "2yr",
      "value_tier": "Low",
      "customers": 436410,
      "churn_probability": 0.015,
      "threshold": 0.5,
      "targeted_customers": 0,
      "targeting_rate": 0.0,
      "avg_ltv": 2340,
      "risk_level": "Low",
      "strategy": "Maintain engagement: Regular check-ins + upsell opportunities + referral incentives",
      "expected_roi": 0,
      "implementation_timeline": "2-3 months"
    },
    {
      "tenure_band": "13-24m",
      "contract_group": "2yr",
      "value_tier": "Med",
      "customers": 120852,
      "churn_probability": 0.033,
      "threshold": 0.1,
      "targeted_customers": 0,
      "targeting_rate": 0.0,
      "avg_ltv": 2340,
      "risk_level": "Low",
      "strategy": "Maintain engagement: Regular check-ins + upsell opportunities + referral incentives",
      "expected_roi": 0,
      "implementation_timeline": "2-3 months"
    },
    {
      "tenure_band": "13-24m",
      "contract_group": "M2M",
      "value_tier": "High",
      "customers": 2551320,
      "churn_probability": 0.497,
      "threshold": 0.7,
      "targeted_customers": 120852,
      "targeting_rate": 0.047,
      "avg_ltv": 2340,
      "risk_level": "High",
      "strategy": "Contract upgrade: Offer annual contract with $49 incentive + price lock",
      "expected_roi": 3.68,
      "implementation_timeline": "3-6 months"
    },
    {
      "tenure_band": "13-24m",
      "contract_group": "M2M",
      "value_tier": "Low",
      "customers": 738540,
      "churn_probability": 0.141,
      "threshold": 0.5,
      "targeted_customers": 0,
      "targeting_rate": 0.0,
      "avg_ltv": 2340,
      "risk_level": "Low",
      "strategy": "Maintain engagement: Regular check-ins + upsell opportunities + referral incentives",
      "expected_roi": 0,
      "implementation_timeline": "2-3 months"
    },
    {
      "tenure_band": "13-24m",
      "contract_group": "M2M",
      "value_tier": "Med",
      "customers": 1658358,
      "churn_probability": 0.277,
      "threshold": 0.7,
      "targeted_customers": 0,
      "targeting_rate": 0.0,
      "avg_ltv": 2340,
      "risk_level": "Medium",
      "strategy": "Contract upgrade: Offer annual contract with $27 incentive + price lock",
      "expected_roi": 0,
      "implementation_timeline": "3-6 months"
    },
    {
      "tenure_band": "25-48m",
      "contract_group": "1yr",
      "value_tier": "High",
      "customers": 1315944,
      "churn_probability": 0.195,
      "threshold": 0.5,
      "targeted_customers": 832536,
      "targeting_rate": 0.633,
      "avg_ltv": 2340,
      "risk_level": "Medium",
      "strategy": "Retention offer: VIP support + loyalty rewards + exclusive features",
      "expected_roi": 3.68,
      "implementation_timeline": "3-6 months"
    },
    {
      "tenure_band": "25-48m",
      "contract_group": "1yr",
      "value_tier": "Low",
      "customers": 899676,
      "churn_probability": 0.034,
      "threshold": 0.3,
      "targeted_customers": 0,
      "targeting_rate": 0.0,
      "avg_ltv": 2340,
      "risk_level": "Low",
      "strategy": "Maintain engagement: Regular check-ins + upsell opportunities + referral incentives",
      "expected_roi": 0,
      "implementation_timeline": "2-3 months"
    },
    {
      "tenure_band": "25-48m",
      "contract_group": "1yr",
      "value_tier": "Med",
      "customers": 1262232,
      "churn_probability": 0.083,
      "threshold": 0.4,
      "targeted_customers": 0,
      "targeting_rate": 0.0,
      "avg_ltv": 2340,
      "risk_level": "Low",
      "strategy": "Maintain engagement: Regular check-ins + upsell opportunities + referral incentives",
      "expected_roi": 0,
      "implementation_timeline": "3-6 months"
    },
    {
      "tenure_band": "25-48m",
      "contract_group": "2yr",
      "value_tier": "High",
      "customers": 409554,
      "churn_probability": 0.078,
      "threshold": 0.5,
      "targeted_customers": 0,
      "targeting_rate": 0.0,
      "avg_ltv": 2340,
      "risk_level": "Low",
      "strategy": "Maintain engagement: Regular check-ins + upsell opportunities + referral incentives",
      "expected_roi": 0,
      "implementation_timeline": "2-3 months"
    },
    {
      "tenure_band": "25-48m",
      "contract_group": "2yr",
      "value_tier": "Low",
      "customers": 1080954,
      "churn_probability": 0.014,
      "threshold": 0.1,
      "targeted_customers": 0,
      "targeting_rate": 0.0,
      "avg_ltv": 2340,
      "risk_level": "Low",
      "strategy": "Maintain engagement: Regular check-ins + upsell opportunities + referral incentives",
      "expected_roi": 0,
      "implementation_timeline": "3-6 months"
    },
    {
      "tenure_band": "25-48m",
      "contract_group": "2yr",
      "value_tier": "Med",
      "customers": 349128,
      "churn_probability": 0.035,
      "threshold": 0.15,
      "targeted_customers": 0,
      "targeting_rate": 0.0,
      "avg_ltv": 2340,
      "risk_level": "Low",
      "strategy": "Maintain engagement: Regular check-ins + upsell opportunities + referral incentives",
      "expected_roi": 0,
      "implementation_timeline": "2-3 months"
    },
    {
      "tenure_band": "25-48m",
      "contract_group": "M2M",
      "value_tier": "High",
      "customers": 3310002,
      "churn_probability": 0.426,
      "threshold": 0.5,
      "targeted_customers": 2981016,
      "targeting_rate": 0.901,
      "avg_ltv": 2340,
      "risk_level": "High",
      "strategy": "Contract upgrade: Offer annual contract with $42 incentive + price lock",
      "expected_roi": 3.68,
      "implementation_timeline": "3-6 months"
    },
    {
      "tenure_band": "25-48m",
      "contract_group": "M2M",
      "value_tier": "Low",
      "customers": 530406,
      "churn_probability": 0.109,
      "threshold": 0.55,
      "targeted_customers": 0,
      "targeting_rate": 0.0,
      "avg_ltv": 2340,
      "risk_level": "Low",
      "strategy": "Maintain engagement: Regular check-ins + upsell opportunities + referral incentives",
      "expected_roi": 0,
      "implementation_timeline": "2-3 months"
    },
    {
      "tenure_band": "25-48m",
      "contract_group": "M2M",
      "value_tier": "Med",
      "customers": 1544220,
      "churn_probability": 0.207,
      "threshold": 0.65,
      "targeted_customers": 0,
      "targeting_rate": 0.0,
      "avg_ltv": 2340,
      "risk_level": "Medium",
      "strategy": "Win-back campaign: Personalized offer based on usage patterns + competitor matching",
      "expected_roi": 0,
      "implementation_timeline": "3-6 months"
    },
    {
      "tenure_band": "4-12m",
      "contract_group": "1yr",
      "value_tier": "High",
      "customers": 67140,
      "churn_probability": 0.326,
      "threshold": 0.3,
      "targeted_customers": 33570,
      "targeting_rate": 0.5,
      "avg_ltv": 2340,
      "risk_level": "High",
      "strategy": "Onboarding intervention: Dedicated support + usage training for new high-value customers",
      "expected_roi": 3.68,
      "implementation_timeline": "1-2 months"
    },
    {
      "tenure_band": "4-12m",
      "contract_group": "1yr",
      "value_tier": "Low",
      "customers": 416268,
      "churn_probability": 0.058,
      "threshold": 0.5,
      "targeted_customers": 0,
      "targeting_rate": 0.0,
      "avg_ltv": 2340,
      "risk_level": "Low",
      "strategy": "Maintain engagement: Regular check-ins + upsell opportunities + referral incentives",
      "expected_roi": 0,
      "implementation_timeline": "2-3 months"
    },
    {
      "tenure_band": "4-12m",
      "contract_group": "1yr",
      "value_tier": "Med",
      "customers": 208134,
      "churn_probability": 0.134,
      "threshold": 0.5,
      "targeted_customers": 0,
      "targeting_rate": 0.0,
      "avg_ltv": 2340,
      "risk_level": "Low",
      "strategy": "Maintain engagement: Regular check-ins + upsell opportunities + referral incentives",
      "expected_roi": 0,
      "implementation_timeline": "2-3 months"
    },
    {
      "tenure_band": "4-12m",
      "contract_group": "2yr",
      "value_tier": "High",
      "customers": 13428,
      "churn_probability": 0.022,
      "threshold": 0.5,
      "targeted_customers": 0,
      "targeting_rate": 0.0,
      "avg_ltv": 2340,
      "risk_level": "Low",
      "strategy": "Maintain engagement: Regular check-ins + upsell opportunities + referral incentives",
      "expected_roi": 0,
      "implementation_timeline": "1-2 months"
    },
    {
      "tenure_band": "4-12m",
      "contract_group": "2yr",
      "value_tier": "Low",
      "customers": 281988,
      "churn_probability": 0.01,
      "threshold": 0.5,
      "targeted_customers": 0,
      "targeting_rate": 0.0,
      "avg_ltv": 2340,
      "risk_level": "Low",
      "strategy": "Maintain engagement: Regular check-ins + upsell opportunities + referral incentives",
      "expected_roi": 0,
      "implementation_timeline": "2-3 months"
    },
    {
      "tenure_band": "4-12m",
      "contract_group": "2yr",
      "value_tier": "Med",
      "customers": 53712,
      "churn_probability": 0.022,
      "threshold": 0.5,
      "targeted_customers": 0,
      "targeting_rate": 0.0,
      "avg_ltv": 2340,
      "risk_level": "Low",
      "strategy": "Maintain engagement: Regular check-ins + upsell opportunities + referral incentives",
      "expected_roi": 0,
      "implementation_timeline": "1-2 months"
    },
    {
      "tenure_band": "4-12m",
      "contract_group": "M2M",
      "value_tier": "High",
      "customers": 2605032,
      "churn_probability": 0.619,
      "threshold": 0.25,
      "targeted_customers": 2598318,
      "targeting_rate": 0.997,
      "avg_ltv": 2340,
      "risk_level": "Very High",
      "strategy": "Onboarding intervention: Dedicated support + usage training for new high-value customers",
      "expected_roi": 3.68,
      "implementation_timeline": "3-6 months"
    },
    {
      "tenure_band": "4-12m",
      "contract_group": "M2M",
      "value_tier": "Low",
      "customers": 1376370,
      "churn_probability": 0.198,
      "threshold": 0.5,
      "targeted_customers": 20142,
      "targeting_rate": 0.015,
      "avg_ltv": 2340,
      "risk_level": "Medium",
      "strategy": "Targeted retention: M2M customers with tailored low-value offers",
      "expected_roi": 3.68,
      "implementation_timeline": "3-6 months"
    },
    {
      "tenure_band": "4-12m",
      "contract_group": "M2M",
      "value_tier": "Med",
      "customers": 2524464,
      "churn_probability": 0.377,
      "threshold": 0.5,
      "targeted_customers": 26856,
      "targeting_rate": 0.011,
      "avg_ltv": 2340,
      "risk_level": "High",
      "strategy": "Onboarding intervention: Dedicated support + usage training for new med-value customers",
      "expected_roi": 3.68,
      "implementation_timeline": "3-6 months"
    },
    {
      "tenure_band": "49-72m",
      "contract_group": "1yr",
      "value_tier": "High",
      "customers": 2699028,
      "churn_probability": 0.154,
      "threshold": 0.5,
      "targeted_customers": 1315944,
      "targeting_rate": 0.488,
      "avg_ltv": 2340,
      "risk_level": "Medium",
      "strategy": "Retention offer: VIP support + loyalty rewards + exclusive features",
      "expected_roi": 3.68,
      "implementation_timeline": "3-6 months"
    },
    {
      "tenure_band": "49-72m",
      "contract_group": "1yr",
      "value_tier": "Low",
      "customers": 503550,
      "churn_probability": 0.02,
      "threshold": 0.35,
      "targeted_customers": 0,
      "targeting_rate": 0.0,
      "avg_ltv": 2340,
      "risk_level": "Low",
      "strategy": "Maintain engagement: Regular check-ins + upsell opportunities + referral incentives",
      "expected_roi": 0,
      "implementation_timeline": "2-3 months"
    },
    {
      "tenure_band": "49-72m",
      "contract_group": "1yr",
      "value_tier": "Med",
      "customers": 1054098,
      "churn_probability": 0.054,
      "threshold": 0.5,
      "targeted_customers": 0,
      "targeting_rate": 0.0,
      "avg_ltv": 2340,
      "risk_level": "Low",
      "strategy": "Maintain engagement: Regular check-ins + upsell opportunities + referral incentives",
      "expected_roi": 0,
      "implementation_timeline": "3-6 months"
    },
    {
      "tenure_band": "49-72m",
      "contract_group": "2yr",
      "value_tier": "High",
      "customers": 4303674,
      "churn_probability": 0.052,
      "threshold": 0.5,
      "targeted_customers": 0,
      "targeting_rate": 0.0,
      "avg_ltv": 2340,
      "risk_level": "Low",
      "strategy": "Maintain engagement: Regular check-ins + upsell opportunities + referral incentives",
      "expected_roi": 0,
      "implementation_timeline": "3-6 months"
    },
    {
      "tenure_band": "49-72m",
      "contract_group": "2yr",
      "value_tier": "Low",
      "customers": 2450610,
      "churn_probability": 0.008,
      "threshold": 0.15,
      "targeted_customers": 0,
      "targeting_rate": 0.0,
      "avg_ltv": 2340,
      "risk_level": "Low",
      "strategy": "Maintain engagement: Regular check-ins + upsell opportunities + referral incentives",
      "expected_roi": 0,
      "implementation_timeline": "3-6 months"
    },
    {
      "tenure_band": "49-72m",
      "contract_group": "2yr",
      "value_tier": "Med",
      "customers": 1725498,
      "churn_probability": 0.023,
      "threshold": 0.5,
      "targeted_customers": 0,
      "targeting_rate": 0.0,
      "avg_ltv": 2340,
      "risk_level": "Low",
      "strategy": "Maintain engagement: Regular check-ins + upsell opportunities + referral incentives",
      "expected_roi": 0,
      "implementation_timeline": "3-6 months"
    },
    {
      "tenure_band": "49-72m",
      "contract_group": "M2M",
      "value_tier": "High",
      "customers": 1725498,
      "churn_probability": 0.322,
      "threshold": 0.5,
      "targeted_customers": 1295802,
      "targeting_rate": 0.751,
      "avg_ltv": 2340,
      "risk_level": "High",
      "strategy": "Contract upgrade: Offer annual contract with $32 incentive + price lock",
      "expected_roi": 3.68,
      "implementation_timeline": "3-6 months"
    },
    {
      "tenure_band": "49-72m",
      "contract_group": "M2M",
      "value_tier": "Low",
      "customers": 53712,
      "churn_probability": 0.117,
      "threshold": 0.55,
      "targeted_customers": 0,
      "targeting_rate": 0.0,
      "avg_ltv": 2340,
      "risk_level": "Low",
      "strategy": "Maintain engagement: Regular check-ins + upsell opportunities + referral incentives",
      "expected_roi": 0,
      "implementation_timeline": "1-2 months"
    },
    {
      "tenure_band": "49-72m",
      "contract_group": "M2M",
      "value_tier": "Med",
      "customers": 516978,
      "churn_probability": 0.179,
      "threshold": 0.5,
      "targeted_customers": 0,
      "targeting_rate": 0.0,
      "avg_ltv": 2340,
      "risk_level": "Medium",
      "strategy": "Targeted retention: M2M customers with tailored med-value offers",
      "expected_roi": 0,
      "implementation_timeline": "2-3 months"
    },
    {
      "tenure_band": "unknown",
      "contract_group": "unknown",
      "value_tier": "unknown",
      "customers": 0,
      "churn_probability": 0.095,
      "threshold": 0.5,
      "targeted_customers": 0,
      "targeting_rate": 0,
      "avg_ltv": 2340,
      "risk_level": "Low",
      "strategy": "Maintain engagement: Regular check-ins + upsell opportunities + referral incentives",
      "expected_roi": 0,
      "implementation_timeline": "1-2 months"
    }
  ]
}